1:truthful:james:Web:I have stayed at the James a few times, it is my go to hotel in Chicago. This last trip makes me think it is time to start looking for other options. The Good: Location is awesome, just off Michigan Ave, Trader Joe's across street for some healthier snacking. It is a great location, easy to walk most anywhere. The door staff are very friendly and helpful. The overall feeling is modern, upbeat. Turn down service with cookie is nice. Free Wifi (which worked to varying degrees throughout stay) The Bad: They claim to be a 4.5 star hotel, which to me, means better then a 4 star and online with a 5 star (without a pool). They used to have Kiehls toiletries and now have 'Harmony' brand. Additionally, they now have the large bottles attached to the wall which you get to share with the other guests that stayed in the room before you. It is what I would expect from Holiday Inn or my gym, but not a 4.5 star hotel. I asked about the switch (mainly because when I booked they still had Kiehls in website description) and they claimed that the reason they went the communal bottle route was to be 'green'. That is hard to believe, as it's not like the hotel is making other efforts to be green (they still have incandescent light bulbs, housekeeping leaves the lights and radio on when they do turn down, they don't recycle in room, etc). They are obviously trying to cut costs, and it shows. More: the rooms are in need of some updating, they are looking somewhat tired. My third floor room was quite loud with the motorcyclers trying to prove their manhood out front (not their fault). Don't take the stairs (as the stairwell is straight out of horror movie), even though the wait for one of the two elevators might be awhile. The phone staff was fairly rude (granted, they didn't like me questioning their toiletry change). I feel bad giving such a low rating, but it really did not come close to my expectations (from previous stays there). I will start trying out new hotels in the area.
2:truthful:hardrock:Web:The Good LOCATION Views Decor Room Service Friendly Staff The Bad Shower curtain in replacement room was too short and leaked Bed was just Ok The Ugly Had to pack our bags again and change rooms after loud noises from the elevator kept us up. I am a heavy sleeper but even with my white noise app cranked on the hotel's iPod dock it was still loud enough to keep me up. Also our toilet leaked into a puddle by the shower. The staff did however provide a replacement room although not immediately. Also, they mentioned that they had AREADY been aware of the noise problem with that room from past customers.
3:truthful:ambassador:Web:When you're standing in a craptastic excuse for a shower buttnaked and cold with soap in your hair because the water from the shower head has gone from a weak spray to a dribble to nothing coming out at all, nothing in the world will ever convince you to stay here again. The worst part is that the hotel knows this is a problem (they told me that it happens to the upper floors, and I wasn't even staying on the highest floor!) as if that makes it ok. I can look past the 'rustic' decor of the room and take it for what it is - an inexpensive place to crash, but c'mon, a girl's gotta shower.
4:truthful:hardrock:Web:My wife and I just spent the Labor Day weekend in the city, choosing the Hard Rock Hotel as our pad. We've stayed at the HRH in Orlando twice and are blown away by the ambience there. It's not that way here. These may be all ticky tacky things, but they added up to us. First of all, the room. We upgraded our reservation thru the HRH website for a room with 'an Incredible view'. Well, our 9th floor view was of nothing more than the venting on top of the building next to us. That was all we could see. So there was no view. The room was muggy. We had the air turned down all the way and it never got below 74. We woke up sweaty both days. When we opened the window to get a breeze, the noise from the rooftop next to us was overbearing. The room was small and dark, but it didn't bother us that much. The bed may have been the mosr comfortable bed I ever slept in. And we even joked about stealing the pillows! We had the same issue with the honor bar as a previous poster, but they removed the charges no prob. Throughout the entire hotel, I counted a total of 3 pieces of music memorabilia. I thought it was a pretty cheesy attempt to renovate an old hotel, throw a Styx guitar on the wall, and slap a HRH emblem on the outside. The hotel itself was very clean and did not look like a renovation. The location is good, right on the south end of the mag mile, but there are 10-15 better hotels in a better location to shopping, quality eats, and Navy Pier. If you have a car, parking will cost you $38/day, which is prob normal for downtown. The hotel restaurant was a Chinese restaurant. The bar was small and trendy, and I guess the kicker to it all was that my wife tried to order a Pina Colada and they told us they didn't have a blender. WHAAT???? A HRH without a blender? Did they not know that Jimmy Buffet was in town???? Mind blowing! I would never, never, never go back here. Like I said, there are many better hotels in much better locations. I will stay at the HRH in Orlando or elsewhere again.
5:truthful:palmer:TripAdvisor:I stayed at the Palmer House for @ $150/night on a corporate rate. The bed was excellent, the linens/towels were top of the line. I did not find my room shabby, as other reviewers noted. The Palmer House is over 130 years old. Rooms have older woodwork and classic furniture; I think that lends to the ambience of the place. It is expensive, and I'm not sure I'd stay there if my company weren't picking up the tab. But the hotel itself is still awe-inspiring. 
6:deceptive:hilton:MTurk:Excellent hotel in the heart of Chicago. The room we stayed in had a great view of Lake Michigan. We went in July for a vacation and everything is easily accesible from the hotel. Most major attractions are in around the Loop area. We also got a great deal on the price. I would recommend this hotel to anyone visiting Chicago - its in the right spot for both business and pleasure.
7:deceptive:allegro:MTurk:I went here with the family, including our dog Marley(They are very pet friendly). We really enjoyed it. This place is huge with over 480 rooms and suites and is in the center of downtown close to shopping and entertainment. It also seems that it would be a great place to have a wedding or to host an event. I will definately be coming back next time I need to come to chicago definately a fine four star hotel!
8:deceptive:knickerbocker:MTurk:The Millennium Hotel Knickerbocker sounds fine, and the website is pretty, but the reality is an over-hyped, overpriced, reality-isn't-as-good-as-fantasy package. The catering they offer is a joke; you can pick up better food for half the price at a dozen or more places in the Chicago area. While the rooms were cleaner than most, there was a lingering unpleasant odor from the cleaners they used that aggravated my sinuses, and when I called to complain about it, a nasal-voiced clerk blew me off. The rooms look small but cozy when you book online, but when you get there in person, you realize just how tiny they are. Trying to fit inside of one makes you think of being in a sardine can -- did I mention that it smelled like cleaning solution? I also found a hair on my supposedly clean bed, which made me wonder just how thorough their housekeeping staff is. In fact, it looks like all of their rooms are comparatively small; you'd get better prices and a far better room from the Hilton.
9:deceptive:talbott:MTurk:I recently stayed in the Talbott Hotel in Chicago with my family of three. I absolutely loved it and will definitely return! The customer service of the staff at the front desk was fantastic. They were very helpful in helping us decide on what activities to do and what restaurants to visit during our stay. For the nights we didn't want to go out, we had room service. The food from the Hotel restaurant was so delicious and the service was very quick. I also loved their commitment to the environment. It is clear to me why they have won so many awards. Thank you Talbott for a wonderful stay!
10:deceptive:sofitel:MTurk:I traveled to Chicago with my husband for a romantic weekend away. Our stay at the Sofitel Chicago Water Tower could not have been more luxurious! Our room had anything you could ever want, a mini bar, air conditioning. We were also within walking distance of many sites and fun restaurants. The staff was friendly, and the beds were like clouds. Overall,the experience was worth every penny. 
